,state,county,votes_16,votes_clinton_16,votes_trump_16,votes_dem_12,votes_rep_12,dem16_pct,rep16_pct,dem12_pct,rep12_pct,margin_16
0,GA,Pike,8675,1239,7273,1356,6668,14.28242074927954,83.83861671469741,16.722160562338143,82.22962140831174,6034
0,GA,Tattnall,6879,1678,5092,1897,4706,24.39308038959151,74.022386974851,28.453577321133945,70.58647067646618,3414
0,GA,Montgomery,3560,847,2668,1135,2662,23.79213483146067,74.9438202247191,29.61899791231733,69.46764091858037,1821
0,GA,Gwinnett,323931,165063,146463,132509,159855,50.956222158422634,45.214258592107576,44.65672265509153,53.87257016526921,-18600
0,GA,Carroll,43744,12422,29983,12688,28280,28.397037307973665,68.54197147037307,30.537437724132953,68.06421333846784,17561
0,GA,Fulton,407173,281875,110372,255470,137124,69.22733088883595,27.106905418581288,64.28325193186937,34.50415562651448,-171503
0,GA,Evans,3602,1130,2404,1268,2268,31.371460299833426,66.74069961132703,35.587987650856014,63.654223968565816,1274
0,GA,Putnam,9431,2745,6516,2926,6215,29.106139327748913,69.0912946665253,31.728475384949036,67.39319019735416,3771
0,GA,Toombs,9108,2338,6612,2746,6524,25.669740887132193,72.59552042160738,29.387842465753423,69.82020547945206,4274
0,GA,Dawson,11680,1444,9880,1241,8847,12.363013698630137,84.58904109589042,12.114408434205389,86.36274892620071,8436
0,GA,Dodge,6995,1836,5021,2442,5214,26.24731951393853,71.77984274481773,31.57894736842105,67.42532005689901,3185
0,GA,Rabun,7949,1443,6287,1559,5754,18.15322682098377,79.09170964901246,20.88972263164947,77.10036178480505,4844
0,GA,Oconee,19030,5253,12885,4421,13098,27.603783499737254,67.70888071466106,24.813380479317505,73.51405960599428,7632
0,GA,Talbot,3243,2001,1196,2265,1202,61.702127659574465,36.87943262411347,64.88112288742481,34.431395015754795,-805
0,GA,Clay,1271,697,566,862,537,54.83870967741935,44.531864673485444,61.483594864479315,38.302425106990015,-131
0,GA,Stewart,2053,1220,805,1323,745,59.425231368728696,39.21091086215295,63.72832369942196,35.886319845857415,-415
0,GA,Grady,9187,3005,6047,3419,5924,32.70926308914771,65.82126918471754,36.38782460621541,63.04810557684121,3042
0,GA,Muscogee,68320,39602,26901,42573,27510,57.96545667447307,39.375,60.2991374304208,38.9643499568007,-12701
0,GA,Bulloch,24151,8812,14476,9593,14174,36.48710198335473,59.93954701668668,39.82976956611999,58.849906580859454,5664
0,GA,Pierce,7297,903,6301,1124,5667,12.374948609017403,86.35055502261203,16.418346479696172,82.77826468010517,5398
0,GA,Cherokee,110825,25203,80611,19841,76514,22.74125874125874,72.73719828558538,20.200570148645898,77.90063123600082,55408
0,GA,Harris,16392,4082,11931,4145,11197,24.902391410444118,72.78550512445095,26.762654958677683,72.29467975206612,7849
0,GA,Troup,25793,9597,15643,10547,15179,37.207769549877874,60.64823789400224,40.58723928269068,58.41222196567383,6046
0,GA,Randolph,2895,1597,1270,1770,1271,55.16407599309153,43.86873920552677,57.8809679529104,41.563113145846955,-327
0,GA,Lowndes,36813,14614,21308,17470,21327,39.69793279547986,57.881726563985545,44.6380662799908,54.49319058691265,6694
0,GA,Coffee,13896,4090,9575,5057,9248,29.43293033966609,68.90472078295913,34.98685484986855,63.98228863982288,5485
0,GA,Towns,6726,1206,5377,1273,4876,17.93041926851026,79.94350282485875,20.495894380937045,78.50587667042345,4171
0,GA,Echols,1175,156,1006,173,917,13.276595744680849,85.61702127659574,15.698729582577132,83.21234119782214,850
0,GA,Camden,18825,5914,12287,6377,11343,31.41567065073041,65.26958831341302,35.46126897625535,63.07623866985487,6373
0,GA,Catoosa,26510,4769,20860,5365,17858,17.989437947944168,78.68728781591852,22.65816369625813,75.42022130247487,16091
0,GA,Candler,3757,1023,2661,1157,2344,27.229172211871173,70.82778812882619,32.79478458049886,66.43990929705215,1638
0,GA,Jenkins,3034,1108,1892,1488,1887,36.519446275543835,62.35992089650626,43.89380530973451,55.663716814159294,784
0,GA,Cook,6038,1752,4175,2042,3935,29.016230539913877,69.14541238820802,33.85839827557619,65.24622782291493,2423
0,GA,Taliaferro,897,545,349,636,323,60.758082497212925,38.90746934225195,66.04361370716511,33.54101765316719,-196
0,GA,White,11771,1672,9751,1671,8651,14.204400645654575,82.83918103814459,15.9324942791762,82.48474446987034,8079
0,GA,Liberty,16082,9531,6125,10457,5565,59.265016788956586,38.086058947892056,64.6691403834261,34.41558441558442,-3406
0,GA,Morgan,9435,2658,6559,2753,6186,28.171701112877585,69.5177530471648,30.49739669879251,68.52775008308409,3901
0,GA,Jeff Davis,5089,901,4102,1275,3996,17.704853605816467,80.60522696011004,23.894302848575713,74.88755622188906,3201
0,GA,Gilmer,12713,1955,10465,1958,8926,15.377959568945174,82.31731298670653,17.770920312216372,81.01288800145217,8510
0,GA,Houston,59559,22460,35351,22702,34662,37.71050554911936,59.354589566648194,39.10362408708833,59.704423315419604,12891
0,GA,DeKalb,295871,239131,47531,238224,64392,80.82272341662413,16.06477147135069,77.78361876153005,21.024929391213494,-191600
0,GA,Walton,40425,8279,31093,8148,29036,20.479901051329623,76.91527520098948,21.663298947144526,77.19876635116452,22814
0,GA,Berrien,6563,1041,5408,1273,4843,15.86164863629438,82.40134085022093,20.528946944041284,78.1003064021932,4367
0,GA,Union,12039,1962,9849,2139,8773,16.297034637428357,81.80912035883378,19.306796642296238,79.18584709811356,7887
0,GA,Polk,14158,2863,11006,3615,9811,20.22178273767481,77.73696849837548,26.5652557319224,72.09729570840682,8143
0,GA,Wheeler,2102,646,1421,772,1366,30.73263558515699,67.60228353948621,35.74074074074074,63.24074074074074,775
0,GA,Worth,8266,2015,6144,2487,5869,24.376965884345513,74.32857488507138,29.54032545432949,69.71136714574178,4129
0,GA,Columbia,64190,18863,43060,16451,41765,29.386197226982397,67.08210001557875,27.919488145545884,70.88064083634575,24197
0,GA,Dougherty,33925,23224,10227,26295,11449,68.45689019896831,30.145910095799554,69.34518315356416,30.193306785516494,-12997
0,GA,Irwin,3659,890,2711,1141,2538,24.323585679147307,74.09128177097568,30.763008897276894,68.42814774871934,1821
0,GA,Dooly,3836,1860,1941,2285,1985,48.488008342022944,50.599582898852965,53.16426244765007,46.184271754304326,81
0,GA,Thomas,18730,7138,11225,7653,11156,38.10998398291511,59.93059263214096,40.37883184720097,58.861393974568664,4087
0,GA,Richmond,74952,48707,24441,52560,25845,64.98425659088484,32.608869676593024,66.51480637813212,32.70690964312833,-24266
0,GA,Clarke,44221,29514,12691,25431,13815,66.74204563442709,28.69903439542299,62.99791914387634,34.22265160523187,-16823
0,GA,Ware,12150,3436,8508,3900,7941,28.279835390946502,70.0246913580247,32.66605243320211,66.51310830052768,5072
0,GA,Marion,3183,1213,1921,1412,1733,38.10870248193528,60.351869305686456,44.542586750788644,54.66876971608833,708
0,GA,Early,4782,2165,2552,2765,2557,45.27394395650355,53.36679213718109,51.653278535400716,47.76760694937418,387
0,GA,Appling,7003,1434,5492,1758,5233,20.47693845494788,78.42353277166929,24.809483488569008,73.84984476432402,4058
0,GA,Ben Hill,5923,2098,3734,2512,3396,35.421239236873205,63.04237717372953,42.175957018132976,57.018132975151104,1636
0,GA,Henry,98037,49902,45641,43761,46774,50.90119036690229,46.55487214011036,47.8900829521329,51.18737551708289,-4261
0,GA,Wilkes,4470,1844,2569,2087,2635,41.25279642058165,57.47203579418344,43.835328712455365,55.34551564797312,725
0,GA,Jasper,6016,1544,4353,1845,4136,25.664893617021278,72.35704787234043,30.59194163488642,68.57900845630907,2809
0,GA,Lanier,2861,805,1984,1114,1820,28.137015029709893,69.34638238378189,37.48317631224764,61.238223418573355,1179
0,GA,Bryan,15063,4010,10513,3707,9560,26.621522936997945,69.79353382460334,27.555192150449713,71.0622166059615,6503
0,GA,Baker,1440,650,775,794,785,45.13888888888889,53.81944444444444,49.968533668974196,49.40213971050976,125
0,GA,Tift,12796,3892,8680,4660,9185,30.41575492341357,67.83369803063457,33.460185251669415,65.95103037265743,4788
0,GA,Burke,9350,4730,4491,5405,4301,50.588235294117645,48.032085561497325,55.271500153389916,43.98200224971879,-239
0,GA,Clinch,2443,685,1724,852,1598,28.039295947605403,70.56897257470324,34.46601941747573,64.64401294498381,1039
0,GA,Taylor,3402,1295,2062,1572,1948,38.065843621399175,60.6114050558495,44.43188241944602,55.05935556811758,767
0,GA,Elbert,7912,2507,5269,3181,4859,31.686046511627907,66.59504550050556,39.064226943386956,59.670882966965486,2762
0,GA,Jackson,27057,4469,21754,4238,19135,16.51698266622316,80.40063569501423,17.87883901451232,80.72477219034762,17285
0,GA,Jones,12524,3960,8304,4274,7744,31.619290961354203,66.3046949856276,35.30772408095828,63.973564642709626,4344
0,GA,Atkinson,2604,696,1873,930,1938,26.72811059907834,71.92780337941628,32.046864231564435,66.7815299793246,1177
0,GA,Bibb,58327,34383,22589,38585,25623,58.94868585732165,38.728204776518595,59.62019839920888,39.59176735993077,-11794
0,GA,Habersham,16128,2483,13184,2301,12166,15.395585317460316,81.74603174603175,15.716139607950277,83.0954169797145,10701
0,GA,Warren,2332,1313,991,1529,990,56.303602058319036,42.495711835334475,60.5304829770388,39.19239904988123,-322
0,GA,Franklin,8474,1243,7054,1499,6114,14.668397451026669,83.24286051451499,19.312032981190416,78.76835867044576,5811
0,GA,Greene,8831,3194,5488,3201,5071,36.16804438908391,62.14471747253991,38.459690015619366,60.92755016220113,2294
0,GA,Twiggs,4053,1970,2034,2270,1907,48.60597088576363,50.18504811250926,54.02189433603046,45.38315088053308,64
0,GA,Wilcox,2973,852,2096,1060,2053,28.65792129162462,70.5011772620249,33.87663790348354,65.61201661872803,1244
0,GA,Lee,14106,3166,10641,3196,10314,22.444349922019,75.43598468736707,23.45171705312592,75.68241855004403,7475
0,GA,Chattahoochee,1384,593,746,729,735,42.846820809248555,53.90173410404624,48.9261744966443,49.328859060402685,153
0,GA,Effingham,23395,4851,17865,4947,15596,20.735199829023294,76.36247061337893,23.765372790161415,74.92313604919293,13014
0,GA,Pickens,13982,1977,11651,1975,10547,14.139608067515377,83.32856529824059,15.57570977917981,83.1782334384858,9674
0,GA,Brantley,6285,619,5561,939,4964,9.84884645982498,88.48050914876691,15.644785071642787,82.70576474508498,4942
0,GA,Wilkinson,4276,1893,2332,2181,2246,44.27034611786716,54.53695042095417,49.01123595505618,50.47191011235955,439
0,GA,Paulding,64601,18004,44646,15825,40846,27.86953762325661,69.11038528815342,27.570166727643336,71.16151849335355,26642
0,GA,Douglas,57365,30971,24803,28441,26241,53.98936633835962,43.237165519044716,51.461088895724394,47.48041326650623,-6168
0,GA,Lamar,7575,2267,5183,2602,4899,29.927392739273927,68.42244224422443,34.27291886195996,64.52845100105374,2916
0,GA,Dade,6238,965,5047,1411,4471,15.469701827508816,80.90734209682591,23.438538205980066,74.26910299003322,4082
0,GA,Lumpkin,12324,2216,9613,2055,8647,17.98117494320026,78.00227198961376,18.844566712517192,79.29390187987163,7397
0,GA,Quitman,1044,461,575,612,510,44.157088122605366,55.07662835249042,54.25531914893617,45.21276595744681,114
0,GA,Clayton,89236,75908,11740,81479,14164,85.06432381550047,13.15612533058407,84.81476469547296,14.74387666940781,-64168
0,GA,Turner,3390,1243,2094,1510,2028,36.666666666666664,61.769911504424776,42.42764821579095,56.98229839842652,851
0,GA,Seminole,3577,1186,2343,1478,2245,33.156276209113784,65.50181716522225,39.21464579464049,59.56487131865216,1157
0,GA,Wayne,10376,2039,8147,2596,7557,19.651117964533537,78.51773323053199,25.279968838251047,73.5904177621969,6108
0,GA,Peach,10699,5083,5405,6148,5287,47.50911300121506,50.51874006916535,53.38659256686349,45.91003820771101,322
0,GA,Crisp,7500,2835,4539,3167,4182,37.8,60.519999999999996,42.82044348296377,56.544077879935095,1704
0,GA,Schley,1909,401,1472,448,1286,21.00576217915139,77.10843373493977,25.62929061784897,73.56979405034325,1071
0,GA,Sumter,10973,5520,5275,6375,5378,50.30529481454479,48.07254169324706,53.88386442397093,45.45685064660637,-245
0,GA,Calhoun,2023,1178,829,1298,883,58.23035096391498,40.978744438952056,59.32358318098721,40.356489945155396,-349
0,GA,Cobb,326424,159416,152602,133124,171722,48.837095311619244,46.749626252971595,42.92716273910408,55.373473151981834,-6814
0,GA,Chatham,106013,58998,43649,60246,47204,55.65166536179525,41.17325233697754,55.46083882608536,43.454726221600325,-15349
0,GA,Jefferson,6934,3809,3057,4261,2999,54.93221805595616,44.087107008941445,58.38585913949027,41.0934502603453,-752
0,GA,Newton,43787,21936,20907,21851,20982,50.097060771461855,47.74704821065613,50.54124069019753,48.5312485543785,-1029
0,GA,Terrell,4179,2267,1872,2544,1834,54.24742761426179,44.7954055994257,57.844474761255114,41.70077307867213,-395
0,GA,Chattooga,8246,1612,6457,2232,5452,19.548872180451127,78.30463254911473,28.534901559703403,69.70084377397086,4845
0,GA,Washington,8422,4187,4138,4714,4035,49.71503205889338,49.13322251246734,53.51952770208901,45.810626702997276,-49
0,GA,Haralson,11317,1474,9579,1789,8446,13.02465317663692,84.64257312008483,17.24171164225135,81.3993831919815,8105
0,GA,Fannin,11764,1920,9622,2028,7857,16.320979258755525,81.79190751445087,20.245582509733453,78.4366576819407,7702
0,GA,Baldwin,16075,7965,7691,8483,7589,49.548989113530325,47.84447900466563,52.24165537627786,46.736051237837174,-274
0,GA,Miller,2540,622,1888,852,1905,24.488188976377952,74.33070866141732,30.7027027027027,68.64864864864865,1266
0,GA,Bartow,39263,8204,29879,8396,26876,20.89499019433054,76.09963578942006,23.45120384336071,75.06843193117703,21675
0,GA,Butts,9477,2566,6717,2968,6306,27.07607892793078,70.87685976574866,31.63841807909605,67.22097857371281,4151
0,GA,Stephens,9760,1835,7682,2131,7221,18.80122950819672,78.70901639344262,22.436302379448307,76.02653190145294,5847
0,GA,McIntosh,5893,2298,3482,2864,3409,38.99541829288987,59.08705243509248,45.166377542974296,53.761236398044474,1184
0,GA,Coweta,61315,16572,42513,15168,39653,27.02764413275707,69.33539916822964,27.302673026730268,71.37611376113762,25941
0,GA,Pulaski,3598,1104,2436,1219,2444,30.68371317398555,67.70428015564202,33.10700706137968,66.37696903856599,1332
0,GA,Brooks,6268,2504,3679,3138,3554,39.948947032546265,58.694958519463945,46.5440522100267,52.71432809255414,1175
0,GA,Hall,70133,16153,51681,12999,47481,23.03195357392383,73.68998902086037,21.183430024118373,77.37598592008344,35528
0,GA,Webster,1114,471,630,582,601,42.28007181328546,56.552962298025136,49.03117101937658,50.631844987363095,159
0,GA,Hancock,3572,2695,841,3308,769,75.44792833146697,23.544232922732363,80.91976516634051,18.811154598825834,-1854
0,GA,Monroe,12675,3570,8821,3785,8361,28.165680473372777,69.59368836291914,30.830007330781132,68.10295674839129,5251
0,GA,Upson,10924,3471,7288,3959,7230,31.77407543024533,66.71548883192969,35.15049276391725,64.19248867974785,3817
0,GA,Heard,4206,743,3370,948,3160,17.66524013314313,80.12363290537327,22.722914669223393,75.74304889741131,2627
0,GA,Colquitt,13592,3460,9892,3973,9243,25.456150676868745,72.7781047675103,29.809423769507802,69.35024009603842,6432
0,GA,Forsyth,97314,23427,69801,14571,65908,24.073617362352795,71.72760342807818,17.827996720950434,80.64014878075638,46374
0,GA,Glascock,1390,138,1235,176,1135,9.928057553956835,88.84892086330936,13.203300825206302,85.14628657164292,1097
0,GA,Banks,6946,684,6130,780,5354,9.847394183702852,88.25223150014396,12.590799031477,86.42453591606134,5446
0,GA,Spalding,25940,9347,15636,9898,14911,36.0331534309946,60.277563608326915,39.453125,59.434789540816325,6289
0,GA,Long,4109,1356,2623,1442,2306,33.00073010464833,63.83548308590898,37.92740662809047,60.65228826933193,1267
0,GA,Fayette,60387,23255,35034,19736,38075,38.509944193286636,58.015798102240545,33.69758229750034,65.00990301871329,11779
0,GA,Mitchell,7857,3492,4272,4081,4155,44.44444444444444,54.371897670866744,49.31722054380664,50.21148036253776,780
0,GA,Telfair,3794,1313,2449,1805,2480,34.607274644175014,64.54928835002636,41.62822878228782,57.19557195571956,1136
0,GA,Crawford,5157,1419,3632,1706,3368,27.515997673065733,70.42854372697305,33.23592441067601,65.61465030196766,2213
0,GA,Charlton,4008,1004,2950,1197,2527,25.0499001996008,73.60279441117764,31.801275239107333,67.13602550478215,1946
0,GA,Bleckley,4934,1094,3717,1269,3587,22.17267936765302,75.33441426834212,25.861014876706744,73.09965355614429,2623
0,GA,Meriwether,9181,3800,5216,4331,4856,41.38982681625095,56.81298333514868,46.750863557858374,52.417962003454235,1416
0,GA,Hart,10077,2583,7285,2870,6517,25.632628758559093,72.29334127220403,30.175586163389763,68.52066028808747,4702
0,GA,Emanuel,7838,2433,5330,2927,5100,31.041081908650163,68.00204133707578,36.2118025485587,63.095385376716564,2897
0,GA,Johnson,3682,1136,2519,1305,2440,30.85279739272135,68.41390548614883,34.597030752916226,64.68716861081654,1383
0,GA,Whitfield,30362,7925,21514,7210,19305,26.101706079968384,70.85830972926685,26.826908766185444,71.82988539961303,13589
0,GA,Gordon,18850,3176,15171,3440,13197,16.848806366047743,80.48275862068965,20.358643546191633,78.10262176717761,11995
0,GA,Decatur,10238,4104,6009,4591,5824,40.08595428794686,58.69310412189881,43.7863614687649,55.54601812112542,1905
0,GA,Lincoln,4100,1271,2759,1586,2807,31.0,67.29268292682927,35.83370989606868,63.42069588793493,1488
0,GA,Treutlen,2700,860,1808,1074,1652,31.851851851851855,66.96296296296296,39.054545454545455,60.07272727272728,948
0,GA,Oglethorpe,6650,1829,4622,1914,4251,27.503759398496243,69.50375939849624,30.5117168818747,67.76661884265901,2793
0,GA,Glynn,34041,11738,21482,11950,20893,34.4819482388884,63.10625422284891,36.06676123502249,63.057978450487425,9744
0,GA,Barrow,28828,6580,21105,6028,18725,22.825031219647567,73.21007353961426,23.921584189848804,74.30850430572642,14525
0,GA,Murray,12422,1799,10340,2542,8443,14.482369988729674,83.23941394300435,22.662030846037265,75.26967995007577,8541
0,GA,Rockdale,37589,23206,13463,22023,15716,61.73614621298784,35.81632924525792,57.825915714848364,41.26559012734673,-9743
0,GA,Madison,11945,2423,9195,2494,8443,20.2846379238175,76.97781498534953,22.460374639769455,76.03566282420749,6772
0,GA,McDuffie,9268,3699,5432,4044,5475,39.91152352179543,58.610271903323266,42.16013344453711,57.07881567973311,1733
0,GA,Floyd,34250,9127,24045,9640,22733,26.648175182481754,70.2043795620438,29.36428158031009,69.24670261049681,14918
0,GA,Walker,23939,4213,18938,5274,16247,17.598897197042483,79.1094030661264,24.08659115820241,74.20076726342711,14725
0,GA,Macon,4287,2705,1540,3211,1545,63.097737345463024,35.922556566363426,67.1616816565572,32.31541518510772,-1165
0,GA,Laurens,19448,6737,12401,7513,11950,34.641094199917724,63.7649115590292,38.32381146704754,60.956947561722096,5664
0,GA,Bacon,4010,607,3356,791,3093,15.13715710723192,83.69077306733168,20.12210633426609,78.68226914271177,2749
0,GA,Screven,5699,2300,3305,2774,3287,40.35795753640989,57.99263028601509,45.47540983606557,53.885245901639344,1005
0,AZ,Maricopa,1201934,549040,590465,602288,749885,45.6797128627695,49.12624154071688,43.61374957547618,54.30175696744074,41425
0,AZ,Gila,21398,6746,13672,7697,13455,31.526310870174783,63.89382185250958,35.6425098402408,62.306089372539944,6926
0,AZ,La Paz,4931,1318,3381,1880,3714,26.72885824376394,68.5662137497465,32.781168265039234,64.76024411508283,2063
0,AZ,Santa Cruz,14926,10684,3650,9486,4235,71.57979364866675,24.453972933136807,68.19064050032348,30.443533894040687,-7034
0,AZ,Coconino,44929,25308,16573,29257,21220,56.328874446348685,36.88708851743863,56.30460721296332,40.83753512181979,-8735
0,AZ,Yuma,40759,18336,20586,18059,23352,44.98638337545082,50.50663657106406,42.9230147600599,55.50352957954032,2250
0,AZ,Graham,11939,3301,8025,3609,8076,27.64888181589748,67.21668481447357,30.314993700125996,67.83704325913482,4724
0,AZ,Navajo,35409,15362,18165,16945,19884,43.38445028100201,51.3005168177582,45.22888028826905,53.07353529961297,2803
0,AZ,Cochise,43147,15291,25036,18546,29497,35.43931211903492,58.024891649477375,37.694355805776304,59.95203349525416,9745
0,AZ,Mohave,74189,16485,54656,19533,49168,22.220275242960547,73.67129897963311,27.77414401092026,69.91241041974747,38171
0,AZ,Pinal,93805,35737,53857,44306,62079,38.09711635840307,57.413783913437456,40.766640290020426,57.11985425369427,18120
0,AZ,Pima,360762,195649,147019,201251,174779,54.23215305381387,40.752351966116166,52.522228862680834,45.61360012318196,-48630
0,AZ,Apache,18659,12196,5315,17147,8250,65.36255962270218,28.484913446594135,66.16120692981441,31.83238800787128,-6881
0,AZ,Yavapai,92780,29705,58862,33918,64468,32.01659840482863,63.44255227419703,33.69326591633803,64.04084754686242,29157
0,AZ,Greenlee,3243,1092,1892,1310,1592,33.672525439407956,58.34104224483503,43.87139986604153,53.31547220361688,800
0,PA,Huntingdon,19496,4487,14369,5409,11979,23.01497743126795,73.70229790726303,30.665003685016156,67.91201315267305,9882
0,PA,Greene,14955,4157,10394,5852,8428,27.796723503844866,69.50183884988299,40.459070796460175,58.26880530973452,6237
0,PA,Clearfield,32692,7700,23909,11121,20347,23.553162853297444,73.13410008564787,34.789001157443614,63.65001407701693,16209
0,PA,Montour,8535,2851,5274,3053,4652,33.40363210310486,61.79261862917399,38.98608096028604,59.40492912782531,2423
0,PA,Jefferson,18551,3437,14533,4787,13048,18.527303110344455,78.34079025389467,26.451898104658227,72.10034812399844,11096
0,PA,Perry,21153,4630,15613,5685,13120,21.888148253202854,73.80986148536851,29.72082810539523,68.590547887913,10983
0,PA,Union,17400,6138,10605,6109,9896,35.275862068965516,60.94827586206897,37.55224981558889,60.83107941971969,4467
0,PA,Forest,2398,626,1680,896,1383,26.10508757297748,70.05838198498749,38.75432525951557,59.818339100346016,1054
0,PA,Wyoming,12418,3573,8375,5061,6587,28.772749234981475,67.44242229022387,42.62971698113208,55.483490566037744,4802
0,PA,Lancaster,239151,90066,137145,88481,130669,37.66072481402963,57.34661364577192,39.778183387581144,58.744537754679996,47079
0,PA,Luzerne,132731,51454,77508,64307,58325,38.765623705087734,58.39479850223385,51.677528749025626,46.87035414942261,26054
0,PA,Mercer,49594,17631,30034,24232,25925,35.55067145219179,60.55974513045933,47.64170418575389,50.970253425869494,12403
0,PA,Berks,175934,75169,93094,83011,84702,42.725681221367104,52.914160992190254,48.73825739783936,49.73109441052137,17925
0,PA,Northumberland,34971,9184,24418,13072,19518,26.26175974378771,69.82356809928227,39.359267734553775,58.767915211369385,15234
0,PA,Lawrence,40555,13933,25323,17513,21047,34.35581309333004,62.44112933053877,44.86371554462548,53.916897223076134,11390
0,PA,Armstrong,30446,6849,22676,9045,20142,22.49556591998949,74.47940616172897,30.555367880548612,68.04269981757989,15827
0,PA,Erie,117240,54820,57168,68036,49025,46.758785397475265,48.76151484135107,57.35674723273675,41.32980382569403,2348
0,PA,Schuylkill,62750,16724,43937,24546,32278,26.65179282868526,70.0191235059761,42.52083080707468,55.914909834219685,27213
0,PA,Adams,47138,14077,31249,15091,26767,29.863379863379862,66.29258772115915,35.54419765880773,63.044963139176105,17172
0,PA,Franklin,69345,17322,49554,18995,43260,24.979450573220852,71.46009085009733,30.11351025714195,68.58175592124037,32232
0,PA,York,203153,67428,126933,73191,113304,33.190747859987304,62.48147947605992,38.678532360261904,59.87665738338204,59505
0,PA,Beaver,79036,30225,46081,37055,42344,38.242066906219954,58.30381092160535,46.04592787732684,52.618236946094385,15856
0,PA,Bucks,342572,165861,163873,160521,156579,48.41639129876347,47.836075335987765,50.004049642385425,48.77607346674309,-1988
0,PA,Philadelphia,680227,560542,105418,588806,96467,82.40513828471965,15.497473637476903,85.2937810631773,13.974102128411609,-455124
0,PA,Monroe,65944,31930,31706,35221,26867,48.41987140604149,48.08018925148611,55.98010076767805,42.702290318991686,-224
0,PA,Dauphin,130160,64287,60620,64965,57450,49.39074984634296,46.57344806392133,52.38774917747242,46.327656280239985,-3667
0,PA,Centre,75394,36555,35099,34176,34001,48.48529060667958,46.5541024484707,49.0851118834918,48.83376899434119,-1456
0,PA,Cameron,2024,469,1495,724,1359,23.17193675889328,73.86363636363636,34.29654192325911,64.37707247749881,1026
0,PA,Clinton,14839,4533,9701,5734,7303,30.547880584945077,65.3750252712447,43.226535996984545,55.05465510742555,5168
0,PA,Susquehanna,19200,5065,13295,6935,10800,26.380208333333332,69.24479166666667,38.4338284194192,59.853690977610285,8230
0,PA,Washington,96945,34436,58941,40345,53230,35.52117179844242,60.7983908401671,42.580474934036936,56.17941952506597,24505
0,PA,Elk,13854,3637,9704,5463,7579,26.25234589288292,70.04475241807421,41.26756307599335,57.251850732739086,6067
0,PA,Crawford,35563,10215,23912,13883,20901,28.723673480864942,67.23842195540308,39.23081270487171,59.06239403187521,13697
0,PA,Lebanon,58906,17860,38804,19900,35872,30.319492072114894,65.87444402947068,35.17143867090845,63.40049487451396,20944
0,PA,McKean,15572,3802,11159,5297,9545,24.41561777549448,71.66067300282558,35.06089489012444,63.17844850410379,7357
0,PA,Lehigh,153031,77087,70285,78283,66874,50.37345374466611,45.92860270141344,53.25301696575557,45.49189806941402,-6802
0,PA,Northampton,142775,65936,71384,67606,61446,46.18175450884258,49.9975485904395,51.712242322254944,47.00042069835927,5448
0,PA,Snyder,16333,3991,11710,4687,10073,24.4351925549501,71.6953407212392,31.242500999866685,67.14438074923343,7719
0,PA,Fayette,53426,17826,34388,21971,26018,33.36577696252761,64.36566465765732,45.2963611998763,53.63983094526338,16562
0,PA,Butler,92027,26834,61388,28550,59761,29.1588338205092,66.70651004596478,31.919056403376377,66.81312538431439,34554
0,PA,Chester,266637,140188,115582,124311,124840,52.576349118839474,43.34807247306263,49.335047802740775,49.544990931568066,-24606
0,PA,Somerset,35730,7367,27347,9436,23984,20.618527847746993,76.53792331374196,27.800365329090802,70.66171704672676,19980
0,PA,Potter,7777,1300,6247,1897,5231,16.715957310016716,80.32660408898032,26.194421430544047,72.23142778238055,4947
0,PA,Fulton,6743,904,5676,1310,4814,13.406495625092688,84.17618270799348,21.146085552865213,77.70782889426957,4772
0,PA,Carbon,28721,8917,18714,11580,13504,31.046969116674212,65.15789840186623,45.26797232320863,52.789179469137245,9797
0,PA,Westmoreland,181740,59506,116427,63722,103932,32.74237922306592,64.06239683063717,37.57813790012502,61.29077913806525,56921
0,PA,Blair,52029,13093,37224,16276,33319,25.164811931807265,71.54471544715447,32.39585199339185,66.31834557433172,24131
0,PA,Allegheny,643173,363017,257488,352687,262039,56.44157948172575,40.03401884096503,56.6947069593831,42.12297112433912,-105529
0,PA,Cumberland,115068,44282,65649,44367,64809,38.483331595230645,57.05235165293565,40.037359900373595,58.48448751962748,21367
0,PA,Sullivan,3168,756,2318,1034,1868,23.863636363636363,73.16919191919192,35.06273312987454,63.34350627331299,1562
0,PA,Clarion,17481,4256,12545,5056,10828,24.34643327040787,71.7636290830044,31.23687137032003,66.89731867045595,8289
0,PA,Tioga,17334,3642,12928,5357,11342,21.01073035652475,74.58174685589016,31.504351917195955,66.701952481769,9286
0,PA,Montgomery,427489,251063,160803,233356,174381,58.729698308026634,37.61570473158374,56.612324114507516,42.30494905385735,-90260
0,PA,Indiana,37728,11468,24920,14473,21257,30.39652247667515,66.05173876166242,39.84747115993502,58.52537099749456,13452
0,PA,Venango,22096,5889,15254,7945,13815,26.65188269370022,69.03511947863866,35.8415662922362,62.32237109216403,9365
0,PA,Lycoming,50294,12926,35475,15203,30658,25.700878832465108,70.53525271404143,32.69954616824038,65.94110941432044,22549
0,PA,Warren,17624,4828,12032,6995,10010,27.394462097140266,68.27054017249206,40.43586334470201,57.86461645181803,7204
0,PA,Mifflin,18239,3563,14050,4273,11939,19.535062229288886,77.0327320576786,26.10103231323682,72.9277380734225,10487
0,PA,Columbia,27127,8502,17387,10937,14236,31.341467910200173,64.09481328565636,42.68430706786871,55.55945829918433,8885
0,PA,Bedford,23504,3613,19455,4788,16702,15.371851599727707,82.77314499659633,22.067566944738903,76.97838410840208,15842
0,PA,Delaware,284832,169169,106559,171792,110853,59.39255420739242,37.411175710594314,60.158843551708195,38.818968777577005,-62610
0,PA,Wayne,22365,6398,15269,8396,12896,28.607198748043817,68.27185334227588,38.857777572083116,59.684361549497844,8871
0,PA,Bradford,25399,6263,17957,8624,14410,24.65845112012284,70.69963384385211,36.813796636216175,61.51284897122855,11694
0,PA,Lackawanna,102740,51593,48102,61838,35085,50.217052754525994,46.819155148919606,63.09034331479876,35.79554149875019,-3491
0,PA,Cambria,60167,17798,40510,24249,35163,29.580999551249022,67.32926687386774,40.063774245778674,58.09569441231868,22712
0,PA,Pike,26066,9247,16035,10210,12786,35.475331849919435,61.51691859126832,43.859272305511396,54.92503973538382,6788
0,PA,Juniata,10402,1810,8234,2547,6862,17.40049990386464,79.15785425879639,26.71211326691138,71.96643943366544,6424
0,WI,Oconto,19924,5886,13255,8865,10741,29.542260590242925,66.52780566151375,44.639709955184045,54.08630847474697,7369
0,WI,Forest,4507,1583,2787,2425,2172,35.12314177945418,61.83714222320834,52.172977624784856,46.729776247848534,1204
0,WI,Bayfield,9491,4953,4125,6033,3603,52.18628174059635,43.46222737330102,61.63669799754802,36.81038005721292,-828
0,WI,Polk,22691,7568,13864,10073,12094,33.35243047904456,61.099114186241245,44.62410844814602,53.577282594249766,6296
0,WI,Grant,24051,10047,12347,13594,10255,41.773730822003245,51.33674275497901,56.06235565819861,42.29214780600462,2300
0,WI,Washington,76246,20854,51729,23166,54765,27.35094300028854,67.84487055058625,29.42013156892129,69.54992253181275,30875
0,WI,Calumet,26429,9634,15345,11489,14539,36.45238185326725,58.06122062885467,43.48599545798638,55.03028009084028,5711
0,WI,Ozaukee,53368,20167,30458,19159,36077,37.78856243441763,57.071653425273574,34.324668111865556,64.6344303706756,10291
0,WI,Dodge,42818,13968,26643,18762,25211,32.6217945723761,62.22383109907048,42.17317029311275,56.66921417011329,12675
0,WI,Milwaukee,434970,288986,126091,332438,154924,66.43814515943627,28.988435984090856,67.48968687065549,31.45179627103229,-162895
0,WI,Taylor,9417,2398,6589,3763,5601,25.464585324413296,69.9692046299246,39.5605550883095,58.88351555929352,4191
0,WI,Columbia,29287,13525,14160,17175,13026,46.18089937514938,48.349096868917954,56.22667452366922,42.64388135926144,635
0,WI,Douglas,22185,11342,9657,14863,7705,51.1246337615506,43.529411764705884,64.92093998427536,33.655106141347076,-1685
0,WI,Pierce,21089,8380,11260,10235,10397,39.73635544596709,53.39276400018967,48.691722169362514,49.46241674595623,2880
0,WI,Winnebago,85892,37054,43447,45449,42122,43.14022260513203,50.58329064406464,50.96722101981541,47.236271068597,6393
0,WI,Langlade,10093,3260,6436,4573,5816,32.29961359357971,63.76696720499356,43.473714231390815,55.29042684665843,3176
0,WI,Clark,13548,4225,8645,6172,7412,31.18541482137585,63.81015648066135,44.72139700021738,53.70625317006014,4420
0,WI,Washburn,9059,3283,5404,4447,4699,36.24020311292637,59.65338337564853,47.884139119198885,50.59760956175299,2121
0,WI,Marquette,7813,2808,4712,4014,3992,35.94009983361065,60.3097401766287,49.52498457742134,49.25354719309068,1904
0,WI,Pepin,3746,1345,2228,1876,1794,35.90496529631607,59.47677522690871,50.716409840497434,48.499594484995946,883
0,WI,Sheboygan,58290,22636,32368,27918,34072,38.83341911133985,55.52925030022302,44.56114028507127,54.38380871813698,9732
0,WI,Waupaca,25491,8303,16013,11578,14002,32.572280412694674,62.818249578282526,44.806501547987615,54.18730650154798,7710
0,WI,Barron,22514,7881,13595,10890,11443,35.00488584880519,60.38464955139025,47.9904812268641,50.42746342323285,5714
0,WI,St. Croix,46819,17496,26123,19910,25503,37.36944402913347,55.79572395822209,43.07193077339102,55.171444023796646,8627
0,WI,Walworth,50570,18706,28848,22552,29006,36.99031046074748,57.04567925647617,43.11798558400092,55.45762193373229,10142
0,WI,Dunn,22029,9025,11487,11316,10224,40.96872304689273,52.144899904671114,51.455074572571846,46.48963259367043,2462
0,WI,Manitowoc,39991,14563,23234,20403,21604,36.41569353104448,58.098072066214904,47.87526104606143,50.69338526878945,8671
0,WI,Jackson,9202,3821,4907,5298,3900,41.523581830036946,53.3253640512932,56.88822076667025,41.87694620423065,1086
0,WI,Oneida,20837,8103,11677,10452,10917,38.887555790180926,56.03973700628689,48.27267688897099,50.42028450027711,3574
0,WI,Waushara,11961,3802,7669,5335,6562,31.786639913050745,64.11671264944403,44.28120849933599,54.46547144754316,3867
0,WI,Outagamie,93474,38087,49884,45659,47372,40.74608982176862,53.366711598947305,48.2673685990951,50.07822740919278,11797
0,WI,Kenosha,75825,35770,36025,44867,34977,47.17441477085394,47.510715463237716,55.46188362980086,43.23646117903012,255
0,WI,Portage,38123,18524,17310,22075,16615,48.590089971932954,45.40566062481966,56.11765004957165,42.23758802145562,-1214
0,WI,Fond du Lac,51094,17391,31044,22379,30355,34.037264649469606,60.7586017927741,41.90667016216621,56.84244035803903,13653
0,WI,Chippewa,31471,11875,17912,15237,15322,37.73315115503162,56.915890820120104,49.25966636492952,49.53446269235743,6037
0,WI,Green,18791,9121,8693,11206,7857,48.53919429514129,46.26150816880422,57.996066659766065,40.66349239209192,-428
0,WI,Jefferson,42324,16559,23409,20158,23517,39.124373877705324,55.30904451375106,45.52291050337617,53.10855671732797,6850
0,WI,Monroe,19554,7047,11442,9515,9675,36.03866216630868,58.514881865602945,48.83243520656916,49.65357967667436,4395
0,WI,Dane,304729,217506,71270,216071,83644,71.37686272064687,23.387993922468816,71.03369375470527,27.498101459328495,-146236
0,WI,Waukesha,233273,79200,142521,78779,162798,33.95163606589704,61.096226309945855,32.30554097500164,66.75989108326226,63321
0,WI,Iron,3477,1273,2090,1784,1790,36.6120218579235,60.10928961748634,49.118942731277535,49.284140969163,817
0,WI,Lincoln,14563,5370,8400,7563,7455,36.87427041131635,57.68042298976859,49.70425867507887,48.99447949526814,3030
0,WI,Richland,7962,3577,4021,4969,3573,44.92589801557398,50.502386335091686,57.41190063547082,41.28249566724437,444
0,WI,Rock,75043,39336,31483,49219,30517,52.417947043694944,41.953280119398215,60.99764530920808,37.82005205105961,-7853
0,WI,Marinette,19979,6243,12995,9882,10619,31.247810200710745,65.04329546023324,47.56220821100255,51.10939981710545,6752
0,WI,Rusk,7029,2171,4564,3397,3676,30.88632806942666,64.93100014226775,47.23960506188291,51.11945487414824,2393
0,WI,Green Lake,9315,2700,6210,3793,5782,28.985507246376812,66.66666666666666,39.20413436692506,59.76227390180878,3510
0,WI,Lafayette,7602,3288,3977,4536,3314,43.25177584846093,52.3151802157327,57.04225352112676,41.67505030181087,689
0,WI,Adams,10107,3780,5983,5542,4644,37.399821905609976,59.196596418323935,53.87382132788957,45.14435695538058,2203
0,WI,Sawyer,7767,2846,4625,4486,4442,36.64220419724475,59.54680056649929,49.70637119113574,49.21883656509695,1779
0,WI,Marathon,68849,26476,39010,32363,36617,38.45517000973145,56.66022745428402,46.32418195871862,52.4133291345796,12534
0,WI,Racine,93678,42506,46620,53008,49347,45.374581011550205,49.76622045731121,51.28284509113424,47.7409929956271,4114
0,WI,Brown,127497,53358,67192,62526,64836,41.85039647991717,52.70084786308698,48.49683544303797,50.2885331347729,13834
0,WI,Florence,2651,666,1897,953,1645,25.122595247076575,71.55790267823463,36.304761904761904,62.66666666666667,1231
0,WI,Wood,37712,14232,21502,18581,19704,37.738650827322864,57.01633432329232,47.76606683804627,50.652956298200515,7270
0,WI,Menominee,1279,1003,269,1191,179,78.4206411258796,21.03205629397967,86.49237472766885,12.999273783587508,-734
0,WI,Vilas,13453,4769,8169,5951,7749,35.44934215416636,60.72251542406898,42.99234214708857,55.981794538361505,3400
0,WI,Ashland,7926,4136,3428,5399,2820,52.18268988140298,43.25006308352258,64.48877209746774,33.68370759675107,-708
0,WI,Sauk,31238,14692,14791,18736,12838,47.03246046481849,47.349382162750494,58.68387258433301,40.21048015786012,99
0,WI,Shawano,19697,6056,12742,9000,11022,30.745798852617153,64.69005432299335,44.380886631490704,54.35179249469895,6686
0,WI,Eau Claire,54080,27271,23301,30666,23256,50.427144970414204,43.08616863905325,55.9537276940481,42.4333102215086,-3970
0,WI,Burnett,8719,2948,5412,3986,4550,33.81121688267003,62.07133845624499,45.93753601475164,52.437478391149014,2464
0,WI,Kewaunee,10742,3623,6616,5153,5747,33.72742506051015,61.590020480357474,46.68841170607955,52.07030896076833,2993
0,WI,Crawford,7678,3426,3844,4629,3067,44.62099505079448,50.06512112529305,59.217090955609564,39.23500063963157,418
0,WI,Juneau,11736,4100,7188,6242,5411,34.93524199045672,61.24744376278118,52.77754291029001,45.75124714636002,3088
0,WI,Trempealeau,13581,5645,7370,7605,5707,41.56542228112804,54.266990648700386,56.412729026036644,42.333654773384765,1725
0,WI,Buffalo,6921,2531,4049,3570,3364,36.56985984684294,58.50310648750181,50.71743145333144,47.79087938627646,1518
0,WI,Price,7560,2671,4562,3887,3884,35.33068783068783,60.34391534391534,49.196304265282876,49.15833438805215,1891
0,WI,Iowa,12123,6669,4809,8105,4287,55.01113585746103,39.6683989111606,64.66411361097813,34.202967927237914,-1860
0,WI,Door,17398,8026,8584,9357,8121,46.131739280377055,49.33900448327394,52.951162922302075,45.95665214192745,558
0,WI,La Crosse,62785,32402,26384,36693,25751,51.60786812136657,42.022776140797966,57.81885222652926,40.57703822760077,-6018
0,WI,Vernon,14193,6351,6994,8044,5942,44.74741069541323,49.27781300641161,56.373957530310456,41.64272198472212,643
0,MI,Lenawee,45895,16750,26428,21776,22351,36.496350364963504,57.58361477285108,48.6897415258027,49.975404704409264,9678
0,MI,Alger,4513,1663,2585,2212,2330,36.849102592510526,57.27897185907379,47.89952360329146,50.45474231268947,922
0,MI,Otsego,12529,3556,8266,4681,7011,28.382153404102482,65.97493814350706,39.48544917756221,59.13960354280894,4710
0,MI,Clare,13385,4250,8507,6338,6988,31.751961150541653,63.55621964886067,46.93424170616114,51.747630331753555,4257
0,MI,Menominee,10765,3539,6704,5242,5564,32.875058058522995,62.27589410125406,47.990478806188776,50.93838689004853,3165
0,MI,Saginaw,94198,44395,45469,54381,42720,47.129450731438034,48.26960232701331,55.455732087862785,43.56427566233607,1074
0,MI,Benzie,10221,4108,5539,4685,5075,40.191762058506995,54.192349085216705,47.31845268154732,51.25744874255126,1431
0,MI,Ottawa,145405,46276,90456,42737,88166,31.825590591795333,62.209690175716105,32.30016929681359,66.63492351411816,44180
0,MI,Muskegon,77114,36640,35962,44436,30884,47.51407007806624,46.63485229659984,58.343290048973905,40.54987329805812,-678
0,MI,Schoolcraft,4151,1369,2556,1865,2142,32.980004818116115,61.575523970127676,46.072134387351774,52.91501976284585,1187
0,MI,Ingham,133478,81266,44354,80847,45306,60.88344146600938,33.22944605103463,63.20616058165898,35.420217340317414,-36912
0,MI,Iosco,13349,4344,8344,6242,6909,32.54176342797213,62.50655479811221,46.77757793764988,51.77607913669065,4000
0,MI,Alpena,14688,4877,9090,6549,7298,33.20397603485839,61.88725490196079,46.731839588982446,52.0764949336378,4213
0,MI,Osceola,10597,2705,7336,3981,6141,25.52609229027083,69.22713975653487,38.73321657910099,59.74897840046701,4631
0,MI,Ionia,26364,8206,16374,11018,14315,31.125777575481717,62.107419208010924,42.77007880128877,55.5684950118396,8168
0,MI,Clinton,40564,16490,21635,18191,20650,40.65180948624396,53.335469874765806,46.36421562380528,52.63157894736842,5145
0,MI,Baraga,3486,1156,2158,1574,1866,33.16121629374641,61.904761904761905,45.10028653295129,53.467048710601716,1002
0,MI,Monroe,74101,26859,43255,36310,35593,36.24647440655322,58.37303140308497,49.840088946234204,48.855915336362266,16396
0,MI,Hillsdale,19880,4799,14094,7106,11727,24.13983903420523,70.8953722334004,37.204188481675395,61.397905759162306,9295
0,MI,Oakland,663255,342976,289127,349002,296514,51.71103120217714,43.59213273929333,53.56019809486393,45.5050360109698,-53849
0,MI,Livingston,105577,34378,65665,37216,60083,32.56201634825767,62.196311696676354,37.84536847778558,61.099077661510925,31287
0,MI,Antrim,13572,4448,8469,5107,7917,32.77335691128794,62.40053050397878,38.70405456612353,60.0,4021
0,MI,Houghton,15623,6018,8475,6801,8196,38.52013057671382,54.246943608781926,44.503337259521004,53.6317235963879,2457
0,MI,Montmorency,5008,1286,3498,2049,2928,25.678913738019173,69.84824281150159,40.56622450999802,57.96871906553158,2212
0,MI,Oscoda,4062,1044,2843,1657,2308,25.70162481536189,69.99015263417036,40.99455714992578,57.10044532409698,1799
0,MI,Emmet,18774,6972,10616,7225,10253,37.13646532438479,56.54628741877063,40.79846405782371,57.89711446157321,3644
0,MI,Iron,5910,2004,3675,2687,3224,33.90862944162436,62.182741116751274,44.87307949231797,53.84101536406145,1671
0,MI,Mecosta,17149,5827,10305,7515,9176,33.97865764767624,60.09096740334713,44.43327617808786,54.25412404659138,4478
0,MI,St. Joseph,23765,7529,14886,10112,12978,31.681043551441196,62.63833368398905,43.322908187309885,55.60173085986033,7357
0,MI,Genesee,196135,102744,84174,128978,71808,52.384327121625404,42.916358630535086,63.55693751139538,35.38507783357069,-18570
0,MI,Barry,30265,9109,19197,11491,16655,30.097472327771353,63.42970427886998,40.30232884399551,58.414001122334454,10088
0,MI,Kalkaska,8920,2279,6213,3272,4901,25.549327354260086,69.652466367713,39.42643692011086,59.055307868417884,3934
0,MI,Crawford,6833,2110,4354,2994,3744,30.87955510024879,63.72018147226694,43.93894922218961,54.94570002935134,2244
0,MI,Huron,15848,4579,10629,6518,8806,28.89323573952549,67.06839979808178,42.09506587445105,56.87160940325497,6050
0,MI,Luce,2576,681,1756,991,1580,26.43633540372671,68.16770186335404,38.17411402157165,60.86286594761171,1075
0,MI,Kalamazoo,125966,67142,51031,69051,52662,53.30168458155376,40.51172538621533,56.057899949666336,42.752764292324926,-16111
0,MI,Sanilac,19243,4873,13446,7212,10963,25.323494257652136,69.87475965286079,39.261799771353914,59.68207305786923,8573
0,MI,Shiawassee,34044,12547,19232,17197,15962,36.85524615203854,56.49159910703795,51.06149232459396,47.394518839633,6685
0,MI,Mackinac,6088,2085,3740,2652,3397,34.247700394218136,61.4323258869908,43.482538121003444,55.697655353336614,1655
0,MI,Missaukee,7301,1565,5386,2274,4665,21.435419805506093,73.77071634022737,32.360893695744984,66.38679379536076,3821
0,MI,Cheboygan,13647,4302,8680,5831,7286,31.523411738843706,63.60372242983806,43.8058748403576,54.7366839456089,4378
0,MI,Newaygo,22605,6212,15174,8728,12457,27.48064587480646,67.12674187126741,40.63693081292485,57.99888257752118,8962
0,MI,Ontonagon,3420,1175,2069,1586,1906,34.356725146198826,60.49707602339181,44.814919468776495,53.857021757558634,894
0,MI,Van Buren,33213,13258,17890,16290,16141,39.91810435672779,53.86445066690754,49.608673143100766,49.15491670980906,4632
0,MI,Wayne,775450,517842,228908,595846,213814,66.77954735959766,29.519375846282802,73.03600649649128,26.20831673459382,-288934
0,MI,Dickinson,13140,3923,8580,4952,7688,29.855403348554034,65.29680365296804,38.657298985167834,60.015612802498055,4657
0,MI,Mason,14658,5281,8505,6856,7580,36.02810751807887,58.02292263610315,46.946042180224595,51.90358805806628,3224
0,MI,Chippewa,15434,5378,9120,7100,8278,34.84514707788001,59.09032007256706,45.618093035209455,53.18684142893858,3742
0,MI,Alcona,6179,1732,4201,2472,3571,28.030425635216055,67.9883476290662,40.49803407601573,58.502621231979035,2469
0,MI,Lapeer,45126,12734,30037,18796,23734,28.21876523511944,66.56251385010859,43.5950365302099,55.048127101936686,17303
0,MI,Jackson,69567,25795,39793,32301,36298,37.07936234134001,57.20097172509955,46.512398122282065,52.267949197937966,13998
0,MI,Charlevoix,14567,5137,8674,5939,8000,35.26463925310633,59.54554815679275,42.150461320085164,56.777856635911995,3537
0,MI,Gratiot,16442,5665,9878,7610,8241,34.45444593115193,60.077849410047435,47.458684128468974,51.393826005612716,4213
0,MI,Isabella,25344,11404,12338,13038,10800,44.99684343434344,48.68213383838384,54.056967535967495,44.77797586964633,934
0,MI,Oceana,11903,3973,7228,5063,6239,33.37813996471478,60.7241871797026,44.21834061135371,54.48908296943231,3255
0,MI,Macomb,418773,176238,224589,208016,191913,42.08437506716049,53.630248368447816,51.478150690694555,47.493107902773176,48351
0,MI,Marquette,32897,16042,14646,18115,13606,48.76432501443901,44.52077697054443,56.26824874200162,42.26253339131515,-1396
0,MI,Keweenaw,1429,527,814,582,774,36.87893631910427,56.962911126662,41.810344827586206,55.603448275862064,287
0,MI,Eaton,55686,24534,27608,27913,26197,44.057752397370976,49.57799087741982,50.94728772723954,47.81521501058626,3074
0,MI,Tuscola,26157,7493,17421,11425,14240,28.646251481439005,66.60167450395687,43.93723801099873,54.76291197169557,9928
0,MI,Manistee,12598,4979,6915,6473,5737,39.52214637244007,54.889665026194635,52.193194646024835,46.25866795678116,1936
0,MI,Leelanau,14757,6774,7239,6576,7483,45.9036389510063,49.05468591177068,46.3882618510158,52.786399548532735,465
0,MI,Bay,52932,21641,28327,27877,24911,40.88453109650117,53.515831633038616,52.22270096101609,46.66641688990465,6686
0,MI,Montcalm,26556,7874,16907,11430,13621,29.650549781593615,63.66546166591354,44.945145688333135,53.56061499744407,9033
0,MI,Berrien,71882,29496,38646,33465,38209,41.03391669680866,53.76311176650622,46.160530780584025,52.7042498310275,9150
0,MI,Arenac,7457,2238,4704,3669,4057,30.012069196727907,63.08166823119217,46.792500956510644,51.74084938145644,2466
0,MI,Gladwin,12472,3794,8124,5760,6661,30.420141116100062,65.13790891597178,45.77604704760391,52.93650162918223,4330
0,MI,Wexford,15279,4436,10000,6184,8450,29.033313698540482,65.44930950978467,41.634686595300614,56.89086379855921,5564
0,MI,Midland,42379,15655,23877,17450,23919,36.940465796738955,56.34158427523066,41.79240312305408,57.285529530104895,8222
0,MI,Delta,18467,6431,11112,8330,9534,34.82428115015975,60.17219905777874,46.149584487534625,52.819944598337955,4681
0,MI,Lake,5328,1939,3159,2752,2487,36.39264264264264,59.29054054054054,52.05220351806318,47.039909211272935,1220
0,MI,Kent,306270,138567,147959,133408,155925,45.2434126750906,48.3099879191563,45.53407171015581,53.21944809461235,9392
0,MI,Ogemaw,10386,3030,6827,4791,5437,29.173887926054302,65.73271711919892,46.240710356143225,52.47562976546666,3797
0,MI,Gogebic,7313,2925,4019,4058,3444,39.997265144263636,54.95692602215233,53.56388595564942,45.459345300950375,1094
0,MI,St. Clair,77994,24553,49067,33983,39271,31.480626714875505,62.91124958330128,45.810921934187995,52.93943193000903,24514
0,MI,Cass,23272,7270,14241,9591,12659,31.23925747679615,61.19370917841182,42.645620275678084,56.28723877278791,6971
0,MI,Presque Isle,7215,2400,4486,3192,3794,33.264033264033266,62.17602217602217,45.08474576271186,53.58757062146893,2086
0,MI,Calhoun,58786,24154,31489,29267,28333,41.08801415302963,53.565474772905105,50.17744783719375,48.57613112280762,7335
0,MI,Branch,16490,4740,11025,6913,10035,28.744693753790173,66.85870224378411,40.31609027818277,58.5233568554266,6285
0,MI,Washtenaw,187201,128025,50335,120890,56412,68.38905775075987,26.888211067248573,67.31368880573744,31.411198717092077,-77690
0,MI,Grand Traverse,51460,20964,27412,20875,26534,40.738437621453556,53.26855810338127,43.490489385195524,55.28031833996542,6448
0,MI,Allegan,55153,17932,33812,20806,31123,32.51319057893497,61.30582198611136,39.54085026321291,59.147836332883564,15880
0,MI,Roscommon,13036,4287,8141,6198,6701,32.88585455661246,62.450138079165384,47.559852670349905,51.419582565991405,3854
